"Time","{client_name=""lighthouse"", client_type=""beacon"", instance=""cl-01-lighthouse-besu:5054"", job=""cl-01-lighthouse-besu"", service=""cl-01-lighthouse-besu"", supernode=""True""}","{client_name=""lighthouse"", client_type=""beacon"", instance=""cl-02-lighthouse-besu:5054"", job=""cl-02-lighthouse-besu"", service=""cl-02-lighthouse-besu"", supernode=""True""}","{client_name=""lighthouse"", client_type=""beacon"", instance=""cl-03-lighthouse-besu:5054"", job=""cl-03-lighthouse-besu"", service=""cl-03-lighthouse-besu"", supernode=""True""}","{client_name=""lighthouse"", client_type=""beacon"", instance=""cl-04-lighthouse-besu:5054"", job=""cl-04-lighthouse-besu"", service=""cl-04-lighthouse-besu"", supernode=""True""}","{client_name=""lighthouse"", client_type=""beacon"", instance=""cl-05-lighthouse-besu:5054"", job=""cl-05-lighthouse-besu"", service=""cl-05-lighthouse-besu"", supernode=""True""}","{client_name=""lighthouse"", client_type=""beacon"", instance=""cl-06-lighthouse-besu:5054"", job=""cl-06-lighthouse-besu"", service=""cl-06-lighthouse-besu"", supernode=""True""}","{client_name=""lighthouse"", client_type=""beacon"", instance=""cl-07-lighthouse-besu:5054"", job=""cl-07-lighthouse-besu"", service=""cl-07-lighthouse-besu"", supernode=""True""}","{client_name=""lighthouse"", client_type=""beacon"", instance=""cl-08-lighthouse-besu:5054"", job=""cl-08-lighthouse-besu"", service=""cl-08-lighthouse-besu"", supernode=""True""}","{client_name=""lighthouse"", client_type=""beacon"", instance=""cl-09-lighthouse-besu:5054"", job=""cl-09-lighthouse-besu"", service=""cl-09-lighthouse-besu"", supernode=""True""}","{client_name=""lighthouse"", client_type=""beacon"", instance=""cl-10-lighthouse-besu:5054"", job=""cl-10-lighthouse-besu"", service=""cl-10-lighthouse-besu"", supernode=""True""}","{client_name=""lighthouse"", client_type=""beacon"", instance=""cl-11-lighthouse-besu:5054"", job=""cl-11-lighthouse-besu"", service=""cl-11-lighthouse-besu"", supernode=""True""}","{client_name=""lighthouse"", client_type=""beacon"", instance=""cl-12-lighthouse-besu:5054"", job=""cl-12-lighthouse-besu"", service=""cl-12-lighthouse-besu"", supernode=""True""}","{client_name=""lighthouse"", client_type=""beacon"", instance=""cl-04-lighthouse-besu:5054"", job=""cl-04-lighthouse-besu"", service=""cl-04-lighthouse-besu"", supernode=""True""}","{client_name=""lighthouse"", client_type=""beacon"", instance=""cl-11-lighthouse-besu:5054"", job=""cl-11-lighthouse-besu"", service=""cl-11-lighthouse-besu"", supernode=""True""}","{client_name=""lighthouse"", client_type=""beacon"", instance=""cl-06-lighthouse-besu:5054"", job=""cl-06-lighthouse-besu"", service=""cl-06-lighthouse-besu"", supernode=""True""}","{client_name=""lighthouse"", client_type=""beacon"", instance=""cl-08-lighthouse-besu:5054"", job=""cl-08-lighthouse-besu"", service=""cl-08-lighthouse-besu"", supernode=""True""}","{client_name=""lighthouse"", client_type=""beacon"", instance=""cl-12-lighthouse-besu:5054"", job=""cl-12-lighthouse-besu"", service=""cl-12-lighthouse-besu"", supernode=""True""}","{client_name=""lighthouse"", client_type=""beacon"", instance=""cl-02-lighthouse-besu:5054"", job=""cl-02-lighthouse-besu"", service=""cl-02-lighthouse-besu"", supernode=""True""}","{client_name=""lighthouse"", client_type=""beacon"", instance=""cl-09-lighthouse-besu:5054"", job=""cl-09-lighthouse-besu"", service=""cl-09-lighthouse-besu"", supernode=""True""}","{client_name=""lighthouse"", client_type=""beacon"", instance=""cl-10-lighthouse-besu:5054"", job=""cl-10-lighthouse-besu"", service=""cl-10-lighthouse-besu"", supernode=""True""}","{client_name=""lighthouse"", client_type=""beacon"", instance=""cl-01-lighthouse-besu:5054"", job=""cl-01-lighthouse-besu"", service=""cl-01-lighthouse-besu"", supernode=""True""}","{client_name=""lighthouse"", client_type=""beacon"", instance=""cl-05-lighthouse-besu:5054"", job=""cl-05-lighthouse-besu"", service=""cl-05-lighthouse-besu"", supernode=""True""}","{client_name=""lighthouse"", client_type=""beacon"", instance=""cl-03-lighthouse-besu:5054"", job=""cl-03-lighthouse-besu"", service=""cl-03-lighthouse-besu"", supernode=""True""}","{client_name=""lighthouse"", client_type=""beacon"", instance=""cl-07-lighthouse-besu:5054"", job=""cl-07-lighthouse-besu"", service=""cl-07-lighthouse-besu"", supernode=""True""}"
2025-11-30 04:31:00,,15.8 kb/s,,16.9 kb/s,,19.7 kb/s,,17.4 kb/s,15.0 kb/s,14.0 kb/s,15.9 kb/s,16.9 kb/s,,,,,,,,,,,,
2025-11-30 04:31:15,19.8 kb/s,47.1 kb/s,19.2 kb/s,28.7 kb/s,19.6 kb/s,43.0 kb/s,23.8 kb/s,56.3 kb/s,46.0 kb/s,41.5 kb/s,27.7 kb/s,60.3 kb/s,,,,,,,,,,,,
2025-11-30 04:31:30,89.7 kb/s,81.1 kb/s,69.5 kb/s,89.7 kb/s,65.8 kb/s,93.3 kb/s,79.4 kb/s,94.1 kb/s,77.1 kb/s,70.4 kb/s,89.3 kb/s,89.8 kb/s,,,,,,,,,,,,
2025-11-30 04:31:45,163 kb/s,123 kb/s,114 kb/s,137 kb/s,111 kb/s,136 kb/s,133 kb/s,129 kb/s,116 kb/s,106 kb/s,125 kb/s,126 kb/s,,,,,,,,,,,,
2025-11-30 04:32:00,201 kb/s,182 kb/s,149 kb/s,169 kb/s,151 kb/s,175 kb/s,174 kb/s,179 kb/s,178 kb/s,147 kb/s,162 kb/s,158 kb/s,,,,,,,,,,,,
2025-11-30 04:32:15,246 kb/s,224 kb/s,172 kb/s,215 kb/s,186 kb/s,217 kb/s,221 kb/s,233 kb/s,217 kb/s,180 kb/s,203 kb/s,209 kb/s,,,,,,,,,,,,
2025-11-30 04:32:30,309 kb/s,262 kb/s,215 kb/s,259 kb/s,230 kb/s,260 kb/s,262 kb/s,277 kb/s,250 kb/s,217 kb/s,253 kb/s,246 kb/s,,,,,,,,,,,,
2025-11-30 04:32:45,377 kb/s,309 kb/s,274 kb/s,299 kb/s,281 kb/s,295 kb/s,314 kb/s,317 kb/s,291 kb/s,258 kb/s,290 kb/s,290 kb/s,,,,,,,,,,,,
2025-11-30 04:33:00,424 kb/s,366 kb/s,309 kb/s,335 kb/s,318 kb/s,339 kb/s,348 kb/s,368 kb/s,349 kb/s,299 kb/s,320 kb/s,332 kb/s,,,,,,,,,,,,
2025-11-30 04:33:15,475 kb/s,405 kb/s,345 kb/s,372 kb/s,361 kb/s,384 kb/s,390 kb/s,429 kb/s,390 kb/s,333 kb/s,367 kb/s,385 kb/s,,,,,,,,,,,,
2025-11-30 04:33:30,533 kb/s,448 kb/s,388 kb/s,423 kb/s,409 kb/s,433 kb/s,434 kb/s,465 kb/s,430 kb/s,373 kb/s,417 kb/s,417 kb/s,,,,,,,,,,,,
2025-11-30 04:33:45,609 kb/s,491 kb/s,445 kb/s,466 kb/s,474 kb/s,481 kb/s,476 kb/s,499 kb/s,468 kb/s,419 kb/s,457 kb/s,463 kb/s,,,,,,,,,,,,
2025-11-30 04:34:00,656 kb/s,543 kb/s,484 kb/s,503 kb/s,518 kb/s,523 kb/s,513 kb/s,546 kb/s,522 kb/s,459 kb/s,495 kb/s,497 kb/s,,,,,,,,,,,,
2025-11-30 04:34:15,712 kb/s,589 kb/s,521 kb/s,548 kb/s,555 kb/s,561 kb/s,552 kb/s,603 kb/s,555 kb/s,490 kb/s,543 kb/s,544 kb/s,,,,,,,,,,,,
2025-11-30 04:34:30,766 kb/s,627 kb/s,567 kb/s,592 kb/s,604 kb/s,598 kb/s,595 kb/s,646 kb/s,591 kb/s,528 kb/s,611 kb/s,583 kb/s,,,,,,,,,,,,
2025-11-30 04:34:45,830 kb/s,671 kb/s,621 kb/s,632 kb/s,661 kb/s,636 kb/s,645 kb/s,689 kb/s,635 kb/s,571 kb/s,646 kb/s,629 kb/s,,,,,,,,,,,,
2025-11-30 04:35:00,879 kb/s,720 kb/s,665 kb/s,663 kb/s,704 kb/s,675 kb/s,687 kb/s,736 kb/s,691 kb/s,608 kb/s,685 kb/s,667 kb/s,,,,,,,,,,,,
2025-11-30 04:35:15,929 kb/s,759 kb/s,694 kb/s,710 kb/s,752 kb/s,718 kb/s,738 kb/s,796 kb/s,739 kb/s,637 kb/s,735 kb/s,716 kb/s,,,,,,,,,,,,
2025-11-30 04:35:30,987 kb/s,803 kb/s,735 kb/s,757 kb/s,798 kb/s,761 kb/s,790 kb/s,834 kb/s,778 kb/s,673 kb/s,796 kb/s,756 kb/s,,,,,,,,,,,,
2025-11-30 04:35:45,1.04 Mb/s,852 kb/s,784 kb/s,798 kb/s,853 kb/s,799 kb/s,844 kb/s,877 kb/s,822 kb/s,717 kb/s,840 kb/s,802 kb/s,,,,,,,,,,,,
2025-11-30 04:36:00,1.08 Mb/s,898 kb/s,813 kb/s,825 kb/s,885 kb/s,837 kb/s,875 kb/s,903 kb/s,866 kb/s,746 kb/s,869 kb/s,815 kb/s,,,,,,,,,,,,
2025-11-30 04:36:15,1.09 Mb/s,907 kb/s,819 kb/s,823 kb/s,896 kb/s,841 kb/s,882 kb/s,930 kb/s,870 kb/s,756 kb/s,862 kb/s,836 kb/s,,,,,,,,,,,,
2025-11-30 04:36:30,1.08 Mb/s,903 kb/s,823 kb/s,829 kb/s,902 kb/s,852 kb/s,880 kb/s,944 kb/s,868 kb/s,763 kb/s,889 kb/s,841 kb/s,,,,,,,,,,,,
2025-11-30 04:36:45,1.11 Mb/s,892 kb/s,850 kb/s,845 kb/s,923 kb/s,853 kb/s,892 kb/s,934 kb/s,851 kb/s,772 kb/s,890 kb/s,859 kb/s,,,,,,,,,,,,
2025-11-30 04:37:00,1.12 Mb/s,911 kb/s,869 kb/s,842 kb/s,931 kb/s,853 kb/s,886 kb/s,926 kb/s,868 kb/s,777 kb/s,889 kb/s,844 kb/s,,,,,,,,,,,,
2025-11-30 04:37:15,1.10 Mb/s,912 kb/s,866 kb/s,847 kb/s,924 kb/s,852 kb/s,899 kb/s,954 kb/s,877 kb/s,788 kb/s,885 kb/s,865 kb/s,,,,,,,,,,,,
2025-11-30 04:37:30,1.14 Mb/s,922 kb/s,868 kb/s,922 kb/s,937 kb/s,890 kb/s,911 kb/s,974 kb/s,905 kb/s,821 kb/s,918 kb/s,895 kb/s,,,,,,,,,,,,
2025-11-30 04:37:45,1.20 Mb/s,974 kb/s,887 kb/s,956 kb/s,963 kb/s,895 kb/s,991 kb/s,990 kb/s,918 kb/s,839 kb/s,951 kb/s,920 kb/s,,,,,,,,,,,,
2025-11-30 04:38:00,1.25 Mb/s,1.01 Mb/s,902 kb/s,972 kb/s,973 kb/s,929 kb/s,1.01 Mb/s,1.00 Mb/s,945 kb/s,877 kb/s,964 kb/s,929 kb/s,,,,,,,,,,,,
2025-11-30 04:38:15,1.28 Mb/s,1.02 Mb/s,911 kb/s,996 kb/s,999 kb/s,946 kb/s,1.09 Mb/s,1.04 Mb/s,967 kb/s,883 kb/s,990 kb/s,966 kb/s,,,,,,,,,,,,
2025-11-30 04:38:30,1.39 Mb/s,1.06 Mb/s,924 kb/s,1.02 Mb/s,1.01 Mb/s,990 kb/s,1.12 Mb/s,1.08 Mb/s,982 kb/s,896 kb/s,1.02 Mb/s,987 kb/s,,,,,,,,,,,,
2025-11-30 04:38:45,1.46 Mb/s,1.08 Mb/s,955 kb/s,1.04 Mb/s,1.05 Mb/s,993 kb/s,1.15 Mb/s,1.09 Mb/s,1.03 Mb/s,919 kb/s,1.03 Mb/s,1.08 Mb/s,,,,,,,,,,,,
2025-11-30 04:39:00,1.50 Mb/s,1.11 Mb/s,969 kb/s,1.04 Mb/s,1.07 Mb/s,1.06 Mb/s,1.16 Mb/s,1.12 Mb/s,1.08 Mb/s,945 kb/s,1.08 Mb/s,1.08 Mb/s,,,,,,,,,,,,
2025-11-30 04:39:15,1.54 Mb/s,1.13 Mb/s,968 kb/s,1.08 Mb/s,1.07 Mb/s,1.08 Mb/s,1.20 Mb/s,1.17 Mb/s,1.10 Mb/s,952 kb/s,1.12 Mb/s,1.16 Mb/s,,,,,,,,,,,,
2025-11-30 04:39:30,1.59 Mb/s,1.14 Mb/s,986 kb/s,1.12 Mb/s,1.09 Mb/s,1.11 Mb/s,1.23 Mb/s,1.20 Mb/s,1.11 Mb/s,973 kb/s,1.16 Mb/s,1.22 Mb/s,,,,,,,,,,,,
2025-11-30 04:39:45,1.65 Mb/s,1.17 Mb/s,1.02 Mb/s,1.15 Mb/s,1.11 Mb/s,1.13 Mb/s,1.26 Mb/s,1.21 Mb/s,1.17 Mb/s,1.01 Mb/s,1.21 Mb/s,1.25 Mb/s,,,,,,,,,,,,
2025-11-30 04:40:00,1.70 Mb/s,1.20 Mb/s,1.04 Mb/s,1.17 Mb/s,1.14 Mb/s,1.16 Mb/s,1.26 Mb/s,1.22 Mb/s,1.19 Mb/s,1.04 Mb/s,1.22 Mb/s,1.25 Mb/s,,,,,,,,,,,,
2025-11-30 04:40:15,1.77 Mb/s,1.22 Mb/s,1.04 Mb/s,1.20 Mb/s,1.14 Mb/s,1.23 Mb/s,1.29 Mb/s,1.25 Mb/s,1.20 Mb/s,1.07 Mb/s,1.23 Mb/s,1.29 Mb/s,,,,,,,,,,,,
2025-11-30 04:40:30,1.83 Mb/s,1.24 Mb/s,1.06 Mb/s,1.22 Mb/s,1.17 Mb/s,1.31 Mb/s,1.29 Mb/s,1.26 Mb/s,1.21 Mb/s,1.09 Mb/s,1.26 Mb/s,1.31 Mb/s,,,,,,,,,,,,
2025-11-30 04:40:45,1.90 Mb/s,1.29 Mb/s,1.09 Mb/s,1.24 Mb/s,1.20 Mb/s,1.31 Mb/s,1.34 Mb/s,1.26 Mb/s,1.27 Mb/s,1.12 Mb/s,1.28 Mb/s,1.34 Mb/s,,,,,,,,,,,,
2025-11-30 04:41:00,1.94 Mb/s,1.33 Mb/s,1.10 Mb/s,1.25 Mb/s,1.24 Mb/s,1.35 Mb/s,1.35 Mb/s,1.29 Mb/s,1.30 Mb/s,1.14 Mb/s,1.29 Mb/s,1.39 Mb/s,,,,,,,,,,,,
2025-11-30 04:41:15,1.97 Mb/s,1.34 Mb/s,1.11 Mb/s,1.28 Mb/s,1.27 Mb/s,1.39 Mb/s,1.39 Mb/s,1.34 Mb/s,1.33 Mb/s,1.14 Mb/s,1.34 Mb/s,1.42 Mb/s,,,,,,,,,,,,
2025-11-30 04:41:30,2.04 Mb/s,1.35 Mb/s,1.12 Mb/s,1.30 Mb/s,1.33 Mb/s,1.42 Mb/s,1.42 Mb/s,1.35 Mb/s,1.36 Mb/s,1.16 Mb/s,1.37 Mb/s,1.42 Mb/s,,,,,,,,,,,,
2025-11-30 04:41:45,2.10 Mb/s,1.41 Mb/s,1.14 Mb/s,1.32 Mb/s,1.36 Mb/s,1.47 Mb/s,1.46 Mb/s,1.38 Mb/s,1.37 Mb/s,1.19 Mb/s,1.39 Mb/s,1.48 Mb/s,,,,,,,,,,,,
2025-11-30 04:42:00,2.17 Mb/s,1.48 Mb/s,1.16 Mb/s,1.34 Mb/s,1.39 Mb/s,1.51 Mb/s,1.45 Mb/s,1.38 Mb/s,1.39 Mb/s,1.20 Mb/s,1.41 Mb/s,1.49 Mb/s,,,,,,,,,,,,
2025-11-30 04:42:15,2.17 Mb/s,1.49 Mb/s,1.15 Mb/s,1.30 Mb/s,1.38 Mb/s,1.55 Mb/s,1.47 Mb/s,1.40 Mb/s,1.37 Mb/s,1.18 Mb/s,1.43 Mb/s,1.49 Mb/s,,,,,,,,,,,,
2025-11-30 04:42:30,2.17 Mb/s,1.45 Mb/s,1.15 Mb/s,1.30 Mb/s,1.42 Mb/s,1.57 Mb/s,1.46 Mb/s,1.39 Mb/s,1.35 Mb/s,1.19 Mb/s,1.45 Mb/s,1.47 Mb/s,,,,,,,,,,,,
2025-11-30 04:42:45,2.19 Mb/s,1.45 Mb/s,1.17 Mb/s,1.31 Mb/s,1.47 Mb/s,1.54 Mb/s,1.46 Mb/s,1.38 Mb/s,1.39 Mb/s,1.18 Mb/s,1.44 Mb/s,1.48 Mb/s,,,,,,,,,,,,
2025-11-30 04:43:00,2.21 Mb/s,1.49 Mb/s,1.21 Mb/s,1.29 Mb/s,1.44 Mb/s,1.56 Mb/s,1.39 Mb/s,1.41 Mb/s,1.39 Mb/s,1.19 Mb/s,1.42 Mb/s,1.48 Mb/s,,,,,,,,,,,,
2025-11-30 04:43:15,2.12 Mb/s,1.46 Mb/s,1.19 Mb/s,1.30 Mb/s,1.41 Mb/s,1.58 Mb/s,1.40 Mb/s,1.41 Mb/s,1.39 Mb/s,1.17 Mb/s,1.44 Mb/s,1.49 Mb/s,,,,,,,,,,,,
2025-11-30 04:43:30,2.12 Mb/s,1.44 Mb/s,1.20 Mb/s,1.31 Mb/s,1.46 Mb/s,1.61 Mb/s,1.40 Mb/s,1.40 Mb/s,1.34 Mb/s,1.18 Mb/s,1.46 Mb/s,1.43 Mb/s,,,,,,,,,,,,
2025-11-30 04:43:45,2.13 Mb/s,1.43 Mb/s,1.21 Mb/s,1.33 Mb/s,1.48 Mb/s,1.57 Mb/s,1.42 Mb/s,1.38 Mb/s,1.38 Mb/s,1.17 Mb/s,1.42 Mb/s,1.45 Mb/s,,,,,,,,,,,,
2025-11-30 04:44:00,2.17 Mb/s,1.44 Mb/s,1.22 Mb/s,1.31 Mb/s,1.48 Mb/s,1.60 Mb/s,1.40 Mb/s,1.36 Mb/s,1.41 Mb/s,1.19 Mb/s,1.36 Mb/s,1.39 Mb/s,,,,,,,,,,,,
2025-11-30 04:44:15,2.14 Mb/s,1.43 Mb/s,1.20 Mb/s,1.28 Mb/s,1.46 Mb/s,1.58 Mb/s,1.39 Mb/s,1.34 Mb/s,1.40 Mb/s,1.16 Mb/s,1.40 Mb/s,1.34 Mb/s,,,,,,,,,,,,
2025-11-30 04:44:30,2.08 Mb/s,1.38 Mb/s,1.16 Mb/s,1.27 Mb/s,1.43 Mb/s,1.56 Mb/s,1.37 Mb/s,1.33 Mb/s,1.31 Mb/s,1.12 Mb/s,1.37 Mb/s,1.30 Mb/s,,,,,,,,,,,,
2025-11-30 04:44:45,2.05 Mb/s,1.36 Mb/s,1.16 Mb/s,1.25 Mb/s,1.43 Mb/s,1.53 Mb/s,1.36 Mb/s,1.30 Mb/s,1.29 Mb/s,1.10 Mb/s,1.35 Mb/s,1.29 Mb/s,,,,,,,,,,,,
2025-11-30 04:45:00,1.97 Mb/s,1.35 Mb/s,1.15 Mb/s,1.21 Mb/s,1.41 Mb/s,1.46 Mb/s,1.32 Mb/s,1.28 Mb/s,1.28 Mb/s,1.07 Mb/s,1.32 Mb/s,1.26 Mb/s,,,,,,,,,,,,
2025-11-30 04:45:15,1.90 Mb/s,1.33 Mb/s,1.11 Mb/s,1.19 Mb/s,1.36 Mb/s,1.38 Mb/s,1.31 Mb/s,1.28 Mb/s,1.28 Mb/s,1.04 Mb/s,1.29 Mb/s,1.25 Mb/s,,,,,,,,,,,,
2025-11-30 04:45:30,1.84 Mb/s,1.26 Mb/s,1.08 Mb/s,1.18 Mb/s,1.33 Mb/s,1.38 Mb/s,1.27 Mb/s,1.27 Mb/s,1.20 Mb/s,1.01 Mb/s,1.29 Mb/s,1.21 Mb/s,,,,,,,,,,,,
2025-11-30 04:45:45,1.82 Mb/s,1.23 Mb/s,1.09 Mb/s,1.15 Mb/s,1.31 Mb/s,1.34 Mb/s,1.26 Mb/s,1.23 Mb/s,1.18 Mb/s,1.00 Mb/s,1.28 Mb/s,1.16 Mb/s,,,,,,,,,,,,
2025-11-30 04:46:00,1.78 Mb/s,1.24 Mb/s,1.08 Mb/s,1.11 Mb/s,1.28 Mb/s,1.28 Mb/s,1.20 Mb/s,1.18 Mb/s,1.15 Mb/s,999 kb/s,1.21 Mb/s,1.12 Mb/s,,,,,,,,,,,,
2025-11-30 04:46:15,1.70 Mb/s,1.22 Mb/s,1.04 Mb/s,1.09 Mb/s,1.20 Mb/s,1.25 Mb/s,1.17 Mb/s,1.19 Mb/s,1.12 Mb/s,963 kb/s,1.19 Mb/s,1.13 Mb/s,,,,,,,,,,,,
2025-11-30 04:46:30,1.64 Mb/s,1.15 Mb/s,1.03 Mb/s,1.07 Mb/s,1.18 Mb/s,1.21 Mb/s,1.12 Mb/s,1.16 Mb/s,1.10 Mb/s,936 kb/s,1.20 Mb/s,1.08 Mb/s,,,,,,,,,,,,
2025-11-30 04:46:42,,,,,,,,,,,,,1.05 Mb/s,1.17 Mb/s,1.17 Mb/s,1.12 Mb/s,1.05 Mb/s,1.08 Mb/s,1.08 Mb/s,936 kb/s,1.59 Mb/s,1.17 Mb/s,1.02 Mb/s,1.13 Mb/s