"Time","{client_name=""lighthouse"", client_type=""beacon"", instance=""cl-01-lighthouse-nethermind:5054"", job=""cl-01-lighthouse-nethermind"", service=""cl-01-lighthouse-nethermind"", supernode=""True""}","{client_name=""lighthouse"", client_type=""beacon"", instance=""cl-02-lighthouse-nethermind:5054"", job=""cl-02-lighthouse-nethermind"", service=""cl-02-lighthouse-nethermind"", supernode=""True""}","{client_name=""lighthouse"", client_type=""beacon"", instance=""cl-03-lighthouse-nethermind:5054"", job=""cl-03-lighthouse-nethermind"", service=""cl-03-lighthouse-nethermind"", supernode=""True""}","{client_name=""lighthouse"", client_type=""beacon"", instance=""cl-04-lighthouse-nethermind:5054"", job=""cl-04-lighthouse-nethermind"", service=""cl-04-lighthouse-nethermind"", supernode=""True""}","{client_name=""lighthouse"", client_type=""beacon"", instance=""cl-05-lighthouse-nethermind:5054"", job=""cl-05-lighthouse-nethermind"", service=""cl-05-lighthouse-nethermind"", supernode=""True""}","{client_name=""lighthouse"", client_type=""beacon"", instance=""cl-06-lighthouse-nethermind:5054"", job=""cl-06-lighthouse-nethermind"", service=""cl-06-lighthouse-nethermind"", supernode=""True""}","{client_name=""lighthouse"", client_type=""beacon"", instance=""cl-07-lighthouse-nethermind:5054"", job=""cl-07-lighthouse-nethermind"", service=""cl-07-lighthouse-nethermind"", supernode=""True""}","{client_name=""lighthouse"", client_type=""beacon"", instance=""cl-08-lighthouse-nethermind:5054"", job=""cl-08-lighthouse-nethermind"", service=""cl-08-lighthouse-nethermind"", supernode=""True""}","{client_name=""lighthouse"", client_type=""beacon"", instance=""cl-09-lighthouse-nethermind:5054"", job=""cl-09-lighthouse-nethermind"", service=""cl-09-lighthouse-nethermind"", supernode=""True""}","{client_name=""lighthouse"", client_type=""beacon"", instance=""cl-10-lighthouse-nethermind:5054"", job=""cl-10-lighthouse-nethermind"", service=""cl-10-lighthouse-nethermind"", supernode=""True""}","{client_name=""lighthouse"", client_type=""beacon"", instance=""cl-11-lighthouse-nethermind:5054"", job=""cl-11-lighthouse-nethermind"", service=""cl-11-lighthouse-nethermind"", supernode=""True""}","{client_name=""lighthouse"", client_type=""beacon"", instance=""cl-12-lighthouse-nethermind:5054"", job=""cl-12-lighthouse-nethermind"", service=""cl-12-lighthouse-nethermind"", supernode=""True""}","{client_name=""lighthouse"", client_type=""beacon"", instance=""cl-07-lighthouse-nethermind:5054"", job=""cl-07-lighthouse-nethermind"", service=""cl-07-lighthouse-nethermind"", supernode=""True""}","{client_name=""lighthouse"", client_type=""beacon"", instance=""cl-06-lighthouse-nethermind:5054"", job=""cl-06-lighthouse-nethermind"", service=""cl-06-lighthouse-nethermind"", supernode=""True""}","{client_name=""lighthouse"", client_type=""beacon"", instance=""cl-05-lighthouse-nethermind:5054"", job=""cl-05-lighthouse-nethermind"", service=""cl-05-lighthouse-nethermind"", supernode=""True""}","{client_name=""lighthouse"", client_type=""beacon"", instance=""cl-04-lighthouse-nethermind:5054"", job=""cl-04-lighthouse-nethermind"", service=""cl-04-lighthouse-nethermind"", supernode=""True""}","{client_name=""lighthouse"", client_type=""beacon"", instance=""cl-09-lighthouse-nethermind:5054"", job=""cl-09-lighthouse-nethermind"", service=""cl-09-lighthouse-nethermind"", supernode=""True""}","{client_name=""lighthouse"", client_type=""beacon"", instance=""cl-03-lighthouse-nethermind:5054"", job=""cl-03-lighthouse-nethermind"", service=""cl-03-lighthouse-nethermind"", supernode=""True""}","{client_name=""lighthouse"", client_type=""beacon"", instance=""cl-12-lighthouse-nethermind:5054"", job=""cl-12-lighthouse-nethermind"", service=""cl-12-lighthouse-nethermind"", supernode=""True""}","{client_name=""lighthouse"", client_type=""beacon"", instance=""cl-01-lighthouse-nethermind:5054"", job=""cl-01-lighthouse-nethermind"", service=""cl-01-lighthouse-nethermind"", supernode=""True""}","{client_name=""lighthouse"", client_type=""beacon"", instance=""cl-11-lighthouse-nethermind:5054"", job=""cl-11-lighthouse-nethermind"", service=""cl-11-lighthouse-nethermind"", supernode=""True""}","{client_name=""lighthouse"", client_type=""beacon"", instance=""cl-02-lighthouse-nethermind:5054"", job=""cl-02-lighthouse-nethermind"", service=""cl-02-lighthouse-nethermind"", supernode=""True""}","{client_name=""lighthouse"", client_type=""beacon"", instance=""cl-10-lighthouse-nethermind:5054"", job=""cl-10-lighthouse-nethermind"", service=""cl-10-lighthouse-nethermind"", supernode=""True""}","{client_name=""lighthouse"", client_type=""beacon"", instance=""cl-08-lighthouse-nethermind:5054"", job=""cl-08-lighthouse-nethermind"", service=""cl-08-lighthouse-nethermind"", supernode=""True""}"
2025-11-28 22:16:30,,,,,,,10.8 kb/s,,,,,,,,,,,,,,,,,
2025-11-28 22:16:45,13.1 kb/s,17.3 kb/s,13.9 kb/s,14.1 kb/s,14.4 kb/s,16.7 kb/s,20.0 kb/s,14.3 kb/s,13.9 kb/s,14.8 kb/s,13.1 kb/s,13.6 kb/s,,,,,,,,,,,,
2025-11-28 22:17:00,25.2 kb/s,24.2 kb/s,26.2 kb/s,23.0 kb/s,23.1 kb/s,26.3 kb/s,54.5 kb/s,38.0 kb/s,26.3 kb/s,53.9 kb/s,24.6 kb/s,25.9 kb/s,,,,,,,,,,,,
2025-11-28 22:17:15,99.2 kb/s,77.4 kb/s,66.7 kb/s,63.5 kb/s,55.0 kb/s,62.6 kb/s,83.9 kb/s,64.3 kb/s,57.0 kb/s,89.0 kb/s,85.0 kb/s,68.7 kb/s,,,,,,,,,,,,
2025-11-28 22:17:30,141 kb/s,109 kb/s,121 kb/s,112 kb/s,88.3 kb/s,111 kb/s,127 kb/s,88.6 kb/s,98.9 kb/s,129 kb/s,114 kb/s,126 kb/s,,,,,,,,,,,,
2025-11-28 22:17:45,181 kb/s,143 kb/s,159 kb/s,148 kb/s,122 kb/s,144 kb/s,176 kb/s,117 kb/s,131 kb/s,165 kb/s,148 kb/s,158 kb/s,,,,,,,,,,,,
2025-11-28 22:18:00,228 kb/s,170 kb/s,198 kb/s,185 kb/s,155 kb/s,189 kb/s,213 kb/s,162 kb/s,169 kb/s,221 kb/s,183 kb/s,199 kb/s,,,,,,,,,,,,
2025-11-28 22:18:15,291 kb/s,228 kb/s,233 kb/s,227 kb/s,195 kb/s,225 kb/s,248 kb/s,193 kb/s,203 kb/s,261 kb/s,228 kb/s,237 kb/s,,,,,,,,,,,,
2025-11-28 22:18:30,337 kb/s,264 kb/s,285 kb/s,281 kb/s,239 kb/s,271 kb/s,295 kb/s,225 kb/s,270 kb/s,305 kb/s,263 kb/s,293 kb/s,,,,,,,,,,,,
2025-11-28 22:18:45,381 kb/s,312 kb/s,321 kb/s,320 kb/s,269 kb/s,304 kb/s,354 kb/s,254 kb/s,307 kb/s,343 kb/s,297 kb/s,329 kb/s,,,,,,,,,,,,
2025-11-28 22:19:00,430 kb/s,349 kb/s,360 kb/s,354 kb/s,306 kb/s,357 kb/s,395 kb/s,302 kb/s,351 kb/s,396 kb/s,342 kb/s,369 kb/s,,,,,,,,,,,,
2025-11-28 22:19:15,499 kb/s,405 kb/s,400 kb/s,390 kb/s,341 kb/s,392 kb/s,429 kb/s,335 kb/s,390 kb/s,432 kb/s,394 kb/s,409 kb/s,,,,,,,,,,,,
2025-11-28 22:19:30,533 kb/s,442 kb/s,452 kb/s,448 kb/s,391 kb/s,431 kb/s,469 kb/s,373 kb/s,446 kb/s,479 kb/s,435 kb/s,462 kb/s,,,,,,,,,,,,
2025-11-28 22:19:45,568 kb/s,487 kb/s,491 kb/s,484 kb/s,428 kb/s,465 kb/s,524 kb/s,403 kb/s,485 kb/s,519 kb/s,473 kb/s,502 kb/s,,,,,,,,,,,,
2025-11-28 22:20:00,616 kb/s,523 kb/s,534 kb/s,517 kb/s,469 kb/s,519 kb/s,559 kb/s,450 kb/s,525 kb/s,569 kb/s,515 kb/s,543 kb/s,,,,,,,,,,,,
2025-11-28 22:20:15,670 kb/s,575 kb/s,573 kb/s,561 kb/s,506 kb/s,553 kb/s,602 kb/s,480 kb/s,564 kb/s,609 kb/s,567 kb/s,577 kb/s,,,,,,,,,,,,
2025-11-28 22:20:30,713 kb/s,616 kb/s,624 kb/s,616 kb/s,558 kb/s,595 kb/s,644 kb/s,514 kb/s,618 kb/s,662 kb/s,612 kb/s,635 kb/s,,,,,,,,,,,,
2025-11-28 22:20:45,750 kb/s,665 kb/s,658 kb/s,655 kb/s,597 kb/s,632 kb/s,706 kb/s,547 kb/s,652 kb/s,694 kb/s,656 kb/s,673 kb/s,,,,,,,,,,,,
2025-11-28 22:21:00,807 kb/s,709 kb/s,701 kb/s,696 kb/s,627 kb/s,689 kb/s,741 kb/s,601 kb/s,692 kb/s,759 kb/s,697 kb/s,717 kb/s,,,,,,,,,,,,
2025-11-28 22:21:15,870 kb/s,767 kb/s,746 kb/s,735 kb/s,663 kb/s,723 kb/s,785 kb/s,636 kb/s,729 kb/s,802 kb/s,755 kb/s,752 kb/s,,,,,,,,,,,,
2025-11-28 22:21:30,919 kb/s,811 kb/s,793 kb/s,788 kb/s,709 kb/s,764 kb/s,829 kb/s,674 kb/s,782 kb/s,847 kb/s,792 kb/s,809 kb/s,,,,,,,,,,,,
2025-11-28 22:21:45,965 kb/s,854 kb/s,827 kb/s,823 kb/s,734 kb/s,797 kb/s,876 kb/s,706 kb/s,816 kb/s,875 kb/s,826 kb/s,844 kb/s,,,,,,,,,,,,
2025-11-28 22:22:00,954 kb/s,853 kb/s,838 kb/s,834 kb/s,745 kb/s,824 kb/s,895 kb/s,734 kb/s,832 kb/s,898 kb/s,819 kb/s,860 kb/s,,,,,,,,,,,,
2025-11-28 22:22:15,979 kb/s,883 kb/s,822 kb/s,835 kb/s,758 kb/s,820 kb/s,889 kb/s,746 kb/s,823 kb/s,904 kb/s,847 kb/s,847 kb/s,,,,,,,,,,,,
2025-11-28 22:22:30,981 kb/s,885 kb/s,840 kb/s,861 kb/s,773 kb/s,829 kb/s,886 kb/s,756 kb/s,846 kb/s,921 kb/s,854 kb/s,872 kb/s,,,,,,,,,,,,
2025-11-28 22:22:45,981 kb/s,903 kb/s,841 kb/s,865 kb/s,774 kb/s,828 kb/s,910 kb/s,746 kb/s,847 kb/s,904 kb/s,856 kb/s,874 kb/s,,,,,,,,,,,,
2025-11-28 22:23:00,973 kb/s,882 kb/s,855 kb/s,862 kb/s,767 kb/s,848 kb/s,917 kb/s,769 kb/s,855 kb/s,927 kb/s,852 kb/s,884 kb/s,,,,,,,,,,,,
2025-11-28 22:23:15,1.01 Mb/s,911 kb/s,839 kb/s,860 kb/s,761 kb/s,842 kb/s,910 kb/s,770 kb/s,826 kb/s,931 kb/s,876 kb/s,871 kb/s,,,,,,,,,,,,
2025-11-28 22:23:30,1.02 Mb/s,905 kb/s,849 kb/s,877 kb/s,781 kb/s,860 kb/s,894 kb/s,778 kb/s,846 kb/s,938 kb/s,878 kb/s,902 kb/s,,,,,,,,,,,,
2025-11-28 22:23:45,1.02 Mb/s,910 kb/s,843 kb/s,884 kb/s,776 kb/s,840 kb/s,914 kb/s,758 kb/s,838 kb/s,929 kb/s,872 kb/s,899 kb/s,,,,,,,,,,,,
2025-11-28 22:24:00,997 kb/s,887 kb/s,843 kb/s,885 kb/s,770 kb/s,857 kb/s,925 kb/s,774 kb/s,835 kb/s,958 kb/s,856 kb/s,905 kb/s,,,,,,,,,,,,
2025-11-28 22:24:15,1.03 Mb/s,903 kb/s,827 kb/s,867 kb/s,762 kb/s,857 kb/s,926 kb/s,770 kb/s,815 kb/s,957 kb/s,864 kb/s,886 kb/s,,,,,,,,,,,,
2025-11-28 22:24:30,1.04 Mb/s,898 kb/s,838 kb/s,882 kb/s,768 kb/s,860 kb/s,917 kb/s,783 kb/s,830 kb/s,969 kb/s,869 kb/s,907 kb/s,,,,,,,,,,,,
2025-11-28 22:24:45,1.05 Mb/s,903 kb/s,838 kb/s,895 kb/s,786 kb/s,853 kb/s,938 kb/s,771 kb/s,838 kb/s,963 kb/s,869 kb/s,909 kb/s,,,,,,,,,,,,
2025-11-28 22:25:00,1.04 Mb/s,892 kb/s,841 kb/s,884 kb/s,780 kb/s,873 kb/s,933 kb/s,797 kb/s,833 kb/s,972 kb/s,853 kb/s,918 kb/s,,,,,,,,,,,,
2025-11-28 22:25:15,1.07 Mb/s,910 kb/s,828 kb/s,871 kb/s,764 kb/s,869 kb/s,927 kb/s,797 kb/s,811 kb/s,958 kb/s,865 kb/s,894 kb/s,,,,,,,,,,,,
2025-11-28 22:25:30,1.07 Mb/s,891 kb/s,853 kb/s,886 kb/s,769 kb/s,872 kb/s,904 kb/s,799 kb/s,831 kb/s,973 kb/s,862 kb/s,915 kb/s,,,,,,,,,,,,
2025-11-28 22:25:45,1.07 Mb/s,886 kb/s,848 kb/s,885 kb/s,774 kb/s,850 kb/s,920 kb/s,772 kb/s,824 kb/s,947 kb/s,858 kb/s,913 kb/s,,,,,,,,,,,,
2025-11-28 22:26:00,1.06 Mb/s,862 kb/s,844 kb/s,882 kb/s,771 kb/s,863 kb/s,916 kb/s,792 kb/s,824 kb/s,964 kb/s,842 kb/s,916 kb/s,,,,,,,,,,,,
2025-11-28 22:26:15,1.08 Mb/s,876 kb/s,830 kb/s,871 kb/s,758 kb/s,856 kb/s,909 kb/s,785 kb/s,804 kb/s,962 kb/s,859 kb/s,898 kb/s,,,,,,,,,,,,
2025-11-28 22:26:30,1.09 Mb/s,870 kb/s,844 kb/s,885 kb/s,779 kb/s,858 kb/s,890 kb/s,784 kb/s,813 kb/s,965 kb/s,862 kb/s,923 kb/s,,,,,,,,,,,,
2025-11-28 22:26:45,1.08 Mb/s,884 kb/s,836 kb/s,882 kb/s,778 kb/s,833 kb/s,909 kb/s,775 kb/s,807 kb/s,954 kb/s,856 kb/s,910 kb/s,,,,,,,,,,,,
2025-11-28 22:27:00,1.09 Mb/s,864 kb/s,850 kb/s,875 kb/s,779 kb/s,848 kb/s,914 kb/s,790 kb/s,845 kb/s,966 kb/s,847 kb/s,919 kb/s,,,,,,,,,,,,
2025-11-28 22:27:15,1.11 Mb/s,891 kb/s,829 kb/s,852 kb/s,769 kb/s,847 kb/s,908 kb/s,786 kb/s,826 kb/s,952 kb/s,857 kb/s,896 kb/s,,,,,,,,,,,,
2025-11-28 22:27:30,1.11 Mb/s,883 kb/s,842 kb/s,866 kb/s,786 kb/s,848 kb/s,895 kb/s,785 kb/s,840 kb/s,950 kb/s,855 kb/s,911 kb/s,,,,,,,,,,,,
2025-11-28 22:27:45,1.11 Mb/s,885 kb/s,830 kb/s,869 kb/s,788 kb/s,833 kb/s,907 kb/s,759 kb/s,828 kb/s,925 kb/s,851 kb/s,903 kb/s,,,,,,,,,,,,
2025-11-28 22:28:00,1.08 Mb/s,861 kb/s,834 kb/s,853 kb/s,783 kb/s,852 kb/s,912 kb/s,773 kb/s,828 kb/s,936 kb/s,831 kb/s,905 kb/s,,,,,,,,,,,,
2025-11-28 22:28:15,1.09 Mb/s,880 kb/s,824 kb/s,837 kb/s,764 kb/s,835 kb/s,905 kb/s,768 kb/s,804 kb/s,933 kb/s,847 kb/s,881 kb/s,,,,,,,,,,,,
2025-11-28 22:28:30,1.09 Mb/s,877 kb/s,845 kb/s,853 kb/s,781 kb/s,844 kb/s,888 kb/s,771 kb/s,816 kb/s,936 kb/s,849 kb/s,894 kb/s,,,,,,,,,,,,
2025-11-28 22:28:45,1.09 Mb/s,887 kb/s,844 kb/s,853 kb/s,787 kb/s,826 kb/s,902 kb/s,753 kb/s,813 kb/s,903 kb/s,849 kb/s,892 kb/s,,,,,,,,,,,,
2025-11-28 22:29:00,1.09 Mb/s,881 kb/s,870 kb/s,845 kb/s,782 kb/s,842 kb/s,919 kb/s,776 kb/s,825 kb/s,926 kb/s,859 kb/s,904 kb/s,,,,,,,,,,,,
2025-11-28 22:29:15,1.12 Mb/s,897 kb/s,856 kb/s,845 kb/s,778 kb/s,850 kb/s,913 kb/s,767 kb/s,803 kb/s,917 kb/s,861 kb/s,882 kb/s,,,,,,,,,,,,
2025-11-28 22:29:30,1.11 Mb/s,894 kb/s,868 kb/s,846 kb/s,770 kb/s,845 kb/s,899 kb/s,763 kb/s,807 kb/s,920 kb/s,858 kb/s,903 kb/s,,,,,,,,,,,,
2025-11-28 22:29:45,1.10 Mb/s,898 kb/s,867 kb/s,857 kb/s,773 kb/s,826 kb/s,920 kb/s,735 kb/s,810 kb/s,908 kb/s,854 kb/s,904 kb/s,,,,,,,,,,,,
2025-11-28 22:30:00,1.08 Mb/s,872 kb/s,874 kb/s,845 kb/s,773 kb/s,841 kb/s,927 kb/s,751 kb/s,814 kb/s,928 kb/s,839 kb/s,912 kb/s,,,,,,,,,,,,
2025-11-28 22:30:15,1.10 Mb/s,905 kb/s,850 kb/s,829 kb/s,765 kb/s,841 kb/s,929 kb/s,751 kb/s,793 kb/s,919 kb/s,852 kb/s,901 kb/s,,,,,,,,,,,,
2025-11-28 22:30:30,1.09 Mb/s,906 kb/s,862 kb/s,834 kb/s,781 kb/s,851 kb/s,919 kb/s,757 kb/s,816 kb/s,913 kb/s,855 kb/s,918 kb/s,,,,,,,,,,,,
2025-11-28 22:30:45,1.08 Mb/s,918 kb/s,854 kb/s,837 kb/s,784 kb/s,838 kb/s,935 kb/s,736 kb/s,814 kb/s,894 kb/s,849 kb/s,922 kb/s,,,,,,,,,,,,
2025-11-28 22:31:00,1.06 Mb/s,894 kb/s,863 kb/s,834 kb/s,780 kb/s,851 kb/s,939 kb/s,754 kb/s,821 kb/s,915 kb/s,836 kb/s,934 kb/s,,,,,,,,,,,,
2025-11-28 22:31:15,1.08 Mb/s,910 kb/s,851 kb/s,825 kb/s,766 kb/s,846 kb/s,945 kb/s,750 kb/s,811 kb/s,921 kb/s,858 kb/s,919 kb/s,,,,,,,,,,,,
2025-11-28 22:31:30,1.09 Mb/s,891 kb/s,863 kb/s,843 kb/s,779 kb/s,862 kb/s,921 kb/s,745 kb/s,828 kb/s,920 kb/s,865 kb/s,936 kb/s,,,,,,,,,,,,
2025-11-28 22:31:45,1.06 Mb/s,891 kb/s,851 kb/s,841 kb/s,767 kb/s,847 kb/s,936 kb/s,730 kb/s,800 kb/s,897 kb/s,856 kb/s,932 kb/s,,,,,,,,,,,,
2025-11-28 22:32:00,1.03 Mb/s,867 kb/s,860 kb/s,840 kb/s,767 kb/s,866 kb/s,933 kb/s,752 kb/s,802 kb/s,914 kb/s,850 kb/s,937 kb/s,,,,,,,,,,,,
2025-11-28 22:32:15,1.07 Mb/s,891 kb/s,845 kb/s,825 kb/s,750 kb/s,865 kb/s,927 kb/s,753 kb/s,785 kb/s,912 kb/s,865 kb/s,912 kb/s,,,,,,,,,,,,
2025-11-28 22:32:29,,,,,,,,,,,,,927 kb/s,872 kb/s,763 kb/s,838 kb/s,815 kb/s,860 kb/s,930 kb/s,1.06 Mb/s,865 kb/s,893 kb/s,921 kb/s,758 kb/s