"Time","{client_name=""lighthouse"", client_type=""beacon"", instance=""cl-01-lighthouse-geth:5054"", job=""cl-01-lighthouse-geth"", service=""cl-01-lighthouse-geth"", supernode=""True""}","{client_name=""lighthouse"", client_type=""beacon"", instance=""cl-02-lighthouse-geth:5054"", job=""cl-02-lighthouse-geth"", service=""cl-02-lighthouse-geth"", supernode=""True""}","{client_name=""lighthouse"", client_type=""beacon"", instance=""cl-03-lighthouse-geth:5054"", job=""cl-03-lighthouse-geth"", service=""cl-03-lighthouse-geth"", supernode=""True""}","{client_name=""lighthouse"", client_type=""beacon"", instance=""cl-04-lighthouse-geth:5054"", job=""cl-04-lighthouse-geth"", service=""cl-04-lighthouse-geth"", supernode=""True""}","{client_name=""lighthouse"", client_type=""beacon"", instance=""cl-05-lighthouse-nethermind:5054"", job=""cl-05-lighthouse-nethermind"", service=""cl-05-lighthouse-nethermind"", supernode=""True""}","{client_name=""lighthouse"", client_type=""beacon"", instance=""cl-06-lighthouse-nethermind:5054"", job=""cl-06-lighthouse-nethermind"", service=""cl-06-lighthouse-nethermind"", supernode=""True""}","{client_name=""lighthouse"", client_type=""beacon"", instance=""cl-07-lighthouse-nethermind:5054"", job=""cl-07-lighthouse-nethermind"", service=""cl-07-lighthouse-nethermind"", supernode=""True""}","{client_name=""lighthouse"", client_type=""beacon"", instance=""cl-08-lighthouse-nethermind:5054"", job=""cl-08-lighthouse-nethermind"", service=""cl-08-lighthouse-nethermind"", supernode=""True""}","{client_name=""lighthouse"", client_type=""beacon"", instance=""cl-09-lighthouse-besu:5054"", job=""cl-09-lighthouse-besu"", service=""cl-09-lighthouse-besu"", supernode=""True""}","{client_name=""lighthouse"", client_type=""beacon"", instance=""cl-10-lighthouse-besu:5054"", job=""cl-10-lighthouse-besu"", service=""cl-10-lighthouse-besu"", supernode=""True""}","{client_name=""lighthouse"", client_type=""beacon"", instance=""cl-11-lighthouse-besu:5054"", job=""cl-11-lighthouse-besu"", service=""cl-11-lighthouse-besu"", supernode=""True""}","{client_name=""lighthouse"", client_type=""beacon"", instance=""cl-12-lighthouse-besu:5054"", job=""cl-12-lighthouse-besu"", service=""cl-12-lighthouse-besu"", supernode=""True""}","{client_name=""lighthouse"", client_type=""beacon"", instance=""cl-05-lighthouse-nethermind:5054"", job=""cl-05-lighthouse-nethermind"", service=""cl-05-lighthouse-nethermind"", supernode=""True""}","{client_name=""lighthouse"", client_type=""beacon"", instance=""cl-08-lighthouse-nethermind:5054"", job=""cl-08-lighthouse-nethermind"", service=""cl-08-lighthouse-nethermind"", supernode=""True""}","{client_name=""lighthouse"", client_type=""beacon"", instance=""cl-02-lighthouse-geth:5054"", job=""cl-02-lighthouse-geth"", service=""cl-02-lighthouse-geth"", supernode=""True""}","{client_name=""lighthouse"", client_type=""beacon"", instance=""cl-03-lighthouse-geth:5054"", job=""cl-03-lighthouse-geth"", service=""cl-03-lighthouse-geth"", supernode=""True""}","{client_name=""lighthouse"", client_type=""beacon"", instance=""cl-12-lighthouse-besu:5054"", job=""cl-12-lighthouse-besu"", service=""cl-12-lighthouse-besu"", supernode=""True""}","{client_name=""lighthouse"", client_type=""beacon"", instance=""cl-09-lighthouse-besu:5054"", job=""cl-09-lighthouse-besu"", service=""cl-09-lighthouse-besu"", supernode=""True""}","{client_name=""lighthouse"", client_type=""beacon"", instance=""cl-04-lighthouse-geth:5054"", job=""cl-04-lighthouse-geth"", service=""cl-04-lighthouse-geth"", supernode=""True""}","{client_name=""lighthouse"", client_type=""beacon"", instance=""cl-07-lighthouse-nethermind:5054"", job=""cl-07-lighthouse-nethermind"", service=""cl-07-lighthouse-nethermind"", supernode=""True""}","{client_name=""lighthouse"", client_type=""beacon"", instance=""cl-11-lighthouse-besu:5054"", job=""cl-11-lighthouse-besu"", service=""cl-11-lighthouse-besu"", supernode=""True""}","{client_name=""lighthouse"", client_type=""beacon"", instance=""cl-01-lighthouse-geth:5054"", job=""cl-01-lighthouse-geth"", service=""cl-01-lighthouse-geth"", supernode=""True""}","{client_name=""lighthouse"", client_type=""beacon"", instance=""cl-06-lighthouse-nethermind:5054"", job=""cl-06-lighthouse-nethermind"", service=""cl-06-lighthouse-nethermind"", supernode=""True""}","{client_name=""lighthouse"", client_type=""beacon"", instance=""cl-10-lighthouse-besu:5054"", job=""cl-10-lighthouse-besu"", service=""cl-10-lighthouse-besu"", supernode=""True""}"
2025-11-29 00:54:15,,1.10 kb/s,998 b/s,,2.09 kb/s,,,1.58 kb/s,,,,,,,,,,,,,,,,
2025-11-29 00:54:30,1.35 kb/s,3.09 kb/s,2.99 kb/s,1.12 kb/s,3.60 kb/s,3.34 kb/s,1.32 kb/s,3.14 kb/s,1.02 kb/s,2.63 kb/s,857 b/s,1.06 kb/s,,,,,,,,,,,,
2025-11-29 00:54:45,6.24 kb/s,29.9 kb/s,26.4 kb/s,3.69 kb/s,26.7 kb/s,6.13 kb/s,3.74 kb/s,34.1 kb/s,3.52 kb/s,21.9 kb/s,6.34 kb/s,3.69 kb/s,,,,,,,,,,,,
2025-11-29 00:55:00,75.7 kb/s,62.3 kb/s,55.7 kb/s,43.2 kb/s,54.5 kb/s,57.6 kb/s,48.6 kb/s,59.0 kb/s,46.7 kb/s,63.7 kb/s,62.2 kb/s,36.9 kb/s,,,,,,,,,,,,
2025-11-29 00:55:15,110 kb/s,92.3 kb/s,86.1 kb/s,83.8 kb/s,83.2 kb/s,86.7 kb/s,91.3 kb/s,90.7 kb/s,77.7 kb/s,92.0 kb/s,92.6 kb/s,79.5 kb/s,,,,,,,,,,,,
2025-11-29 00:55:30,146 kb/s,120 kb/s,129 kb/s,123 kb/s,113 kb/s,120 kb/s,122 kb/s,117 kb/s,127 kb/s,121 kb/s,119 kb/s,130 kb/s,,,,,,,,,,,,
2025-11-29 00:55:45,187 kb/s,167 kb/s,157 kb/s,150 kb/s,157 kb/s,148 kb/s,149 kb/s,162 kb/s,158 kb/s,160 kb/s,153 kb/s,163 kb/s,,,,,,,,,,,,
2025-11-29 00:56:00,248 kb/s,193 kb/s,187 kb/s,182 kb/s,189 kb/s,194 kb/s,186 kb/s,190 kb/s,192 kb/s,195 kb/s,193 kb/s,190 kb/s,,,,,,,,,,,,
2025-11-29 00:56:15,280 kb/s,225 kb/s,217 kb/s,216 kb/s,217 kb/s,226 kb/s,229 kb/s,228 kb/s,222 kb/s,220 kb/s,230 kb/s,222 kb/s,,,,,,,,,,,,
2025-11-29 00:56:30,312 kb/s,249 kb/s,262 kb/s,252 kb/s,254 kb/s,261 kb/s,256 kb/s,252 kb/s,276 kb/s,250 kb/s,255 kb/s,266 kb/s,,,,,,,,,,,,
2025-11-29 00:56:45,351 kb/s,290 kb/s,288 kb/s,281 kb/s,297 kb/s,289 kb/s,284 kb/s,296 kb/s,299 kb/s,284 kb/s,286 kb/s,300 kb/s,,,,,,,,,,,,
2025-11-29 00:57:00,399 kb/s,321 kb/s,316 kb/s,315 kb/s,326 kb/s,334 kb/s,323 kb/s,322 kb/s,338 kb/s,323 kb/s,325 kb/s,329 kb/s,,,,,,,,,,,,
2025-11-29 00:57:15,427 kb/s,352 kb/s,344 kb/s,351 kb/s,350 kb/s,362 kb/s,361 kb/s,350 kb/s,365 kb/s,347 kb/s,359 kb/s,363 kb/s,,,,,,,,,,,,
2025-11-29 00:57:30,460 kb/s,378 kb/s,386 kb/s,382 kb/s,385 kb/s,394 kb/s,388 kb/s,371 kb/s,405 kb/s,381 kb/s,388 kb/s,406 kb/s,,,,,,,,,,,,
2025-11-29 00:57:45,488 kb/s,420 kb/s,421 kb/s,409 kb/s,432 kb/s,419 kb/s,415 kb/s,420 kb/s,434 kb/s,411 kb/s,421 kb/s,437 kb/s,,,,,,,,,,,,
2025-11-29 00:58:00,536 kb/s,448 kb/s,454 kb/s,437 kb/s,455 kb/s,456 kb/s,449 kb/s,447 kb/s,471 kb/s,447 kb/s,464 kb/s,466 kb/s,,,,,,,,,,,,
2025-11-29 00:58:15,572 kb/s,479 kb/s,477 kb/s,475 kb/s,484 kb/s,482 kb/s,493 kb/s,478 kb/s,495 kb/s,472 kb/s,494 kb/s,497 kb/s,,,,,,,,,,,,
2025-11-29 00:58:30,599 kb/s,513 kb/s,518 kb/s,509 kb/s,509 kb/s,513 kb/s,520 kb/s,506 kb/s,537 kb/s,500 kb/s,519 kb/s,549 kb/s,,,,,,,,,,,,
2025-11-29 00:58:45,631 kb/s,555 kb/s,544 kb/s,536 kb/s,552 kb/s,540 kb/s,548 kb/s,550 kb/s,567 kb/s,531 kb/s,551 kb/s,585 kb/s,,,,,,,,,,,,
2025-11-29 00:59:00,678 kb/s,582 kb/s,568 kb/s,573 kb/s,590 kb/s,581 kb/s,578 kb/s,580 kb/s,597 kb/s,566 kb/s,594 kb/s,609 kb/s,,,,,,,,,,,,
2025-11-29 00:59:15,713 kb/s,615 kb/s,597 kb/s,613 kb/s,615 kb/s,607 kb/s,623 kb/s,610 kb/s,623 kb/s,592 kb/s,625 kb/s,648 kb/s,,,,,,,,,,,,
2025-11-29 00:59:30,753 kb/s,641 kb/s,640 kb/s,645 kb/s,643 kb/s,637 kb/s,650 kb/s,624 kb/s,675 kb/s,622 kb/s,655 kb/s,694 kb/s,,,,,,,,,,,,
2025-11-29 00:59:45,745 kb/s,658 kb/s,645 kb/s,647 kb/s,664 kb/s,627 kb/s,645 kb/s,647 kb/s,668 kb/s,614 kb/s,649 kb/s,706 kb/s,,,,,,,,,,,,
2025-11-29 01:00:00,768 kb/s,655 kb/s,640 kb/s,647 kb/s,663 kb/s,644 kb/s,642 kb/s,646 kb/s,670 kb/s,622 kb/s,661 kb/s,701 kb/s,,,,,,,,,,,,
2025-11-29 01:00:15,769 kb/s,664 kb/s,624 kb/s,643 kb/s,659 kb/s,645 kb/s,656 kb/s,658 kb/s,650 kb/s,619 kb/s,666 kb/s,693 kb/s,,,,,,,,,,,,
2025-11-29 01:00:30,762 kb/s,654 kb/s,642 kb/s,648 kb/s,650 kb/s,652 kb/s,654 kb/s,639 kb/s,667 kb/s,614 kb/s,661 kb/s,708 kb/s,,,,,,,,,,,,
2025-11-29 01:00:45,754 kb/s,679 kb/s,645 kb/s,646 kb/s,670 kb/s,636 kb/s,643 kb/s,676 kb/s,663 kb/s,621 kb/s,664 kb/s,715 kb/s,,,,,,,,,,,,
2025-11-29 01:01:00,781 kb/s,676 kb/s,640 kb/s,648 kb/s,674 kb/s,651 kb/s,644 kb/s,667 kb/s,678 kb/s,633 kb/s,669 kb/s,712 kb/s,,,,,,,,,,,,
2025-11-29 01:01:15,784 kb/s,691 kb/s,624 kb/s,650 kb/s,670 kb/s,641 kb/s,662 kb/s,684 kb/s,647 kb/s,631 kb/s,670 kb/s,704 kb/s,,,,,,,,,,,,
2025-11-29 01:01:30,783 kb/s,680 kb/s,642 kb/s,675 kb/s,669 kb/s,657 kb/s,661 kb/s,666 kb/s,675 kb/s,634 kb/s,673 kb/s,739 kb/s,,,,,,,,,,,,
2025-11-29 01:01:45,773 kb/s,718 kb/s,658 kb/s,668 kb/s,689 kb/s,642 kb/s,650 kb/s,697 kb/s,670 kb/s,638 kb/s,687 kb/s,747 kb/s,,,,,,,,,,,,
2025-11-29 01:02:00,800 kb/s,715 kb/s,660 kb/s,668 kb/s,704 kb/s,661 kb/s,648 kb/s,695 kb/s,684 kb/s,653 kb/s,696 kb/s,745 kb/s,,,,,,,,,,,,
2025-11-29 01:02:15,797 kb/s,723 kb/s,653 kb/s,676 kb/s,695 kb/s,660 kb/s,660 kb/s,717 kb/s,674 kb/s,649 kb/s,698 kb/s,742 kb/s,,,,,,,,,,,,
2025-11-29 01:02:30,821 kb/s,712 kb/s,682 kb/s,694 kb/s,691 kb/s,687 kb/s,669 kb/s,712 kb/s,690 kb/s,671 kb/s,695 kb/s,772 kb/s,,,,,,,,,,,,
2025-11-29 01:02:45,828 kb/s,739 kb/s,680 kb/s,714 kb/s,736 kb/s,684 kb/s,666 kb/s,738 kb/s,685 kb/s,676 kb/s,719 kb/s,788 kb/s,,,,,,,,,,,,
2025-11-29 01:03:00,848 kb/s,736 kb/s,687 kb/s,720 kb/s,737 kb/s,700 kb/s,658 kb/s,733 kb/s,695 kb/s,691 kb/s,728 kb/s,796 kb/s,,,,,,,,,,,,
2025-11-29 01:03:15,859 kb/s,746 kb/s,686 kb/s,722 kb/s,742 kb/s,705 kb/s,681 kb/s,742 kb/s,688 kb/s,695 kb/s,740 kb/s,802 kb/s,,,,,,,,,,,,
2025-11-29 01:03:30,865 kb/s,732 kb/s,708 kb/s,732 kb/s,745 kb/s,724 kb/s,693 kb/s,730 kb/s,710 kb/s,700 kb/s,733 kb/s,825 kb/s,,,,,,,,,,,,
2025-11-29 01:03:45,861 kb/s,752 kb/s,715 kb/s,727 kb/s,757 kb/s,707 kb/s,694 kb/s,747 kb/s,717 kb/s,701 kb/s,727 kb/s,831 kb/s,,,,,,,,,,,,
2025-11-29 01:04:00,895 kb/s,751 kb/s,737 kb/s,743 kb/s,772 kb/s,741 kb/s,690 kb/s,745 kb/s,732 kb/s,718 kb/s,755 kb/s,826 kb/s,,,,,,,,,,,,
2025-11-29 01:04:15,898 kb/s,768 kb/s,740 kb/s,753 kb/s,775 kb/s,747 kb/s,709 kb/s,767 kb/s,712 kb/s,716 kb/s,764 kb/s,840 kb/s,,,,,,,,,,,,
2025-11-29 01:04:30,895 kb/s,762 kb/s,760 kb/s,768 kb/s,791 kb/s,770 kb/s,729 kb/s,751 kb/s,739 kb/s,730 kb/s,761 kb/s,882 kb/s,,,,,,,,,,,,
2025-11-29 01:04:45,899 kb/s,783 kb/s,766 kb/s,774 kb/s,815 kb/s,759 kb/s,721 kb/s,777 kb/s,744 kb/s,730 kb/s,781 kb/s,884 kb/s,,,,,,,,,,,,
2025-11-29 01:05:00,926 kb/s,779 kb/s,770 kb/s,785 kb/s,839 kb/s,776 kb/s,728 kb/s,770 kb/s,775 kb/s,747 kb/s,797 kb/s,877 kb/s,,,,,,,,,,,,
2025-11-29 01:05:15,936 kb/s,788 kb/s,761 kb/s,808 kb/s,831 kb/s,772 kb/s,752 kb/s,803 kb/s,759 kb/s,744 kb/s,799 kb/s,880 kb/s,,,,,,,,,,,,
2025-11-29 01:05:30,929 kb/s,773 kb/s,771 kb/s,820 kb/s,819 kb/s,780 kb/s,756 kb/s,770 kb/s,793 kb/s,737 kb/s,788 kb/s,902 kb/s,,,,,,,,,,,,
2025-11-29 01:05:45,919 kb/s,791 kb/s,783 kb/s,815 kb/s,844 kb/s,759 kb/s,738 kb/s,785 kb/s,778 kb/s,735 kb/s,788 kb/s,906 kb/s,,,,,,,,,,,,
2025-11-29 01:06:00,954 kb/s,780 kb/s,801 kb/s,831 kb/s,847 kb/s,781 kb/s,765 kb/s,774 kb/s,811 kb/s,754 kb/s,803 kb/s,921 kb/s,,,,,,,,,,,,
2025-11-29 01:06:15,960 kb/s,821 kb/s,804 kb/s,823 kb/s,835 kb/s,776 kb/s,792 kb/s,800 kb/s,798 kb/s,752 kb/s,811 kb/s,906 kb/s,,,,,,,,,,,,
2025-11-29 01:06:30,964 kb/s,795 kb/s,831 kb/s,836 kb/s,825 kb/s,792 kb/s,796 kb/s,781 kb/s,817 kb/s,753 kb/s,797 kb/s,923 kb/s,,,,,,,,,,,,
2025-11-29 01:06:45,956 kb/s,818 kb/s,837 kb/s,843 kb/s,838 kb/s,776 kb/s,799 kb/s,803 kb/s,806 kb/s,753 kb/s,802 kb/s,938 kb/s,,,,,,,,,,,,
2025-11-29 01:07:00,982 kb/s,828 kb/s,854 kb/s,845 kb/s,840 kb/s,793 kb/s,818 kb/s,794 kb/s,834 kb/s,774 kb/s,818 kb/s,939 kb/s,,,,,,,,,,,,
2025-11-29 01:07:15,962 kb/s,841 kb/s,833 kb/s,839 kb/s,833 kb/s,771 kb/s,834 kb/s,797 kb/s,830 kb/s,753 kb/s,816 kb/s,936 kb/s,,,,,,,,,,,,
2025-11-29 01:07:30,941 kb/s,821 kb/s,856 kb/s,835 kb/s,802 kb/s,780 kb/s,832 kb/s,767 kb/s,857 kb/s,748 kb/s,777 kb/s,947 kb/s,,,,,,,,,,,,
2025-11-29 01:07:45,926 kb/s,834 kb/s,858 kb/s,818 kb/s,821 kb/s,759 kb/s,820 kb/s,781 kb/s,855 kb/s,740 kb/s,770 kb/s,944 kb/s,,,,,,,,,,,,
2025-11-29 01:08:00,945 kb/s,816 kb/s,847 kb/s,814 kb/s,822 kb/s,768 kb/s,799 kb/s,772 kb/s,855 kb/s,740 kb/s,771 kb/s,914 kb/s,,,,,,,,,,,,
2025-11-29 01:08:15,944 kb/s,814 kb/s,830 kb/s,813 kb/s,805 kb/s,748 kb/s,801 kb/s,770 kb/s,829 kb/s,727 kb/s,773 kb/s,889 kb/s,,,,,,,,,,,,
2025-11-29 01:08:30,925 kb/s,798 kb/s,843 kb/s,813 kb/s,794 kb/s,752 kb/s,794 kb/s,747 kb/s,835 kb/s,717 kb/s,758 kb/s,906 kb/s,,,,,,,,,,,,
2025-11-29 01:08:45,897 kb/s,808 kb/s,815 kb/s,785 kb/s,802 kb/s,715 kb/s,776 kb/s,763 kb/s,818 kb/s,708 kb/s,734 kb/s,902 kb/s,,,,,,,,,,,,
2025-11-29 01:09:00,918 kb/s,783 kb/s,797 kb/s,774 kb/s,793 kb/s,724 kb/s,762 kb/s,745 kb/s,818 kb/s,712 kb/s,729 kb/s,867 kb/s,,,,,,,,,,,,
2025-11-29 01:09:15,912 kb/s,773 kb/s,772 kb/s,764 kb/s,757 kb/s,705 kb/s,762 kb/s,744 kb/s,797 kb/s,695 kb/s,726 kb/s,825 kb/s,,,,,,,,,,,,
2025-11-29 01:09:30,885 kb/s,750 kb/s,777 kb/s,755 kb/s,741 kb/s,702 kb/s,766 kb/s,709 kb/s,810 kb/s,688 kb/s,688 kb/s,837 kb/s,,,,,,,,,,,,
2025-11-29 01:09:45,858 kb/s,759 kb/s,773 kb/s,737 kb/s,744 kb/s,680 kb/s,740 kb/s,716 kb/s,784 kb/s,677 kb/s,671 kb/s,831 kb/s,,,,,,,,,,,,
2025-11-29 01:10:00,876 kb/s,736 kb/s,763 kb/s,712 kb/s,745 kb/s,692 kb/s,726 kb/s,685 kb/s,785 kb/s,676 kb/s,674 kb/s,808 kb/s,,,,,,,,,,,,
2025-11-29 01:10:01,,,,,,,,,,,,,745 kb/s,685 kb/s,736 kb/s,763 kb/s,808 kb/s,785 kb/s,712 kb/s,726 kb/s,674 kb/s,876 kb/s,692 kb/s,676 kb/s